<?xml version="1.0"?>
<opencv_storage>
<stage0>
  <maxWeakCount>2</maxWeakCount>
  <stageThreshold>-6.9884449243545532e-02</stageThreshold>
  <weakClassifiers>
    <_>
      <internalNodes>
        0 -1 1136157 1.3286778703331947e-03</internalNodes>
      <leafValues>
        -9.6296298503875732e-01 9.5744681358337402e-01</leafValues></_>
    <_>
      <internalNodes>
        0 -1 526736 3.7283594720065594e-03</internalNodes>
      <leafValues>
        -1. 8.9307850599288940e-01</leafValues></_></weakClassifiers></stage0>
</opencv_storage>
