<?xml version="1.0"?>
<opencv_storage>
<cascade>
  <stageType>BOOST</stageType>
  <featureType>HAAR</featureType>
  <height>46</height>
  <width>38</width>
  <stageParams>
    <boostType>GAB</boostType>
    <minHitRate>9.9500000476837158e-01</minHitRate>
    <maxFalseAlarm>5.0000000000000000e-01</maxFalseAlarm>
    <weightTrimRate>9.4999998807907104e-01</weightTrimRate>
    <maxDepth>1</maxDepth>
    <maxWeakCount>100</maxWeakCount></stageParams>
  <featureParams>
    <maxCatCount>0</maxCatCount>
    <featSize>1</featSize>
    <mode>BASIC</mode></featureParams>
  <stageNum>2</stageNum>
  <stages>
    <!-- stage 0 -->
    <_>
      <maxWeakCount>2</maxWeakCount>
      <stageThreshold>-6.9884449243545532e-02</stageThreshold>
      <weakClassifiers>
        <_>
          <internalNodes>
            0 -1 2 1.3286778703331947e-03</internalNodes>
          <leafValues>
            -9.6296298503875732e-01 9.5744681358337402e-01</leafValues></_>
        <_>
          <internalNodes>
            0 -1 1 3.7283594720065594e-03</internalNodes>
          <leafValues>
            -1. 8.9307850599288940e-01</leafValues></_></weakClassifiers></_>
    <!-- stage 1 -->
    <_>
      <maxWeakCount>1</maxWeakCount>
      <stageThreshold>1.</stageThreshold>
      <weakClassifiers>
        <_>
          <internalNodes>
            0 -1 0 -3.5256153345108032e-01</internalNodes>
          <leafValues>
            -1. 1.</leafValues></_></weakClassifiers></_></stages>
  <features>
    <_>
      <rects>
        <_>
          0 1 32 44 -1.</_>
        <_>
          0 23 32 22 2.</_></rects>
      <tilted>0</tilted></_>
    <_>
      <rects>
        <_>
          7 14 10 3 -1.</_>
        <_>
          12 14 5 3 2.</_></rects>
      <tilted>0</tilted></_>
    <_>
      <rects>
        <_>
          19 21 7 4 -1.</_>
        <_>
          19 23 7 2 2.</_></rects>
      <tilted>0</tilted></_></features></cascade>
</opencv_storage>
